,b1,b2,b3,bp,cta,age,sexnisl@adipiscingelit.org,2,1,16,12,9,48,1dui.Fusce.diam@non.edu,1,0,25,8,6,41,2nisl.Maecenas@vitaeorciPhasellus.org,2,2,23,11,4,50,1justo.nec@Aenean.edu,3,1,4,12,11,34,2neque.Morbi.quis@AeneanmassaInteger.ca,2,2,29,10,2,59,1elit@erat.org,3,1,16,6,13,57,1non.arcu.Vivamus@montesnasceturridiculus.net,1,1,26,7,7,58,1Proin.sed@sit.co.uk,1,2,13,9,4,64,1auctor@odioEtiam.ca,1,0,23,10,12,58,2Mauris.non.dui@nisia.co.uk,1,2,11,1,11,23,1turpis.In.condimentum@Sedeget.co.uk,2,2,8,5,8,36,1malesuada.fringilla.est@velit.co.uk,1,1,28,11,5,39,1orci@Sedauctor.co.uk,3,2,16,12,11,64,2lobortis@magnaNamligula.edu,1,1,25,9,7,14,1urna.Ut.tincidunt@semperpretium.co.uk,3,1,18,6,9,34,2egestas.ligula@posuerecubiliaCurae.com,1,0,22,7,16,59,1sagittis.felis.Donec@sociisnatoque.ca,2,2,5,8,16,26,2arcu.iaculis@Duisac.ca,1,1,10,9,15,41,2eu.erat@acmetus.com,2,2,21,1,16,26,2ipsum.ac.mi@lacus.org,3,2,4,4,7,39,2purus.sapien@lorem.ca,2,2,30,5,17,25,2semper@etmalesuadafames.ca,1,2,25,12,5,13,1natoque.penatibus.et@Nullamscelerisque.ca,1,1,18,3,5,64,1dictum@erosNam.ca,2,0,23,3,1,50,1egestas.Aliquam.nec@Nullamutnisi.org,3,1,22,6,8,47,2nisl.Maecenas.malesuada@a.ca,3,2,2,10,4,48,2neque.vitae.semper@Mauris.org,1,2,29,2,1,52,1Nunc.sed.orci@nisi.co.uk,3,0,22,11,5,33,1ut@adipiscing.com,3,1,5,2,2,21,2sit@egestas.co.uk,3,0,21,7,2,38,2Quisque.imperdiet.erat@posuere.org,2,0,13,4,12,21,2litora@ultriciesornare.ca,1,1,13,1,3,30,2Integer.sem.elit@sitametante.com,2,0,30,10,4,62,2ultricies.ornare.elit@odioauctor.net,3,0,30,4,5,15,1in.dolor@magnisdis.net,1,2,14,1,8,66,2luctus.et@sed.ca,2,2,15,4,13,18,2Mauris@vestibulumneque.edu,2,2,30,9,14,58,2Aliquam@sapienimperdietornare.ca,1,1,16,2,8,58,2iaculis@ornareegestas.co.uk,1,2,12,2,18,27,2nonummy.ac@tellus.net,1,0,25,6,12,48,2vel@anteVivamusnon.co.uk,3,1,17,8,7,34,2parturient.montes@Duiselementum.com,3,1,21,12,3,37,2diam.lorem@lobortisClassaptent.co.uk,1,2,3,11,9,23,2et@Cras.org,2,1,8,10,14,35,1sed.sem.egestas@augueutlacus.edu,1,2,16,12,15,17,2cursus.a@mollisnon.co.uk,2,2,2,3,6,67,2risus@mi.net,3,0,23,2,7,27,1enim.Nunc.ut@nonmassa.co.uk,1,0,28,5,9,56,1Morbi.neque.tellus@milaciniamattis.org,1,0,13,2,16,53,1nulla.Donec.non@Fuscealiquetmagna.org,1,1,5,6,2,62,1pharetra.Quisque@orciluctus.edu,3,2,11,4,12,42,2Quisque@vitaeerat.com,1,2,15,2,4,58,2augue.eu@dictumauguemalesuada.net,1,1,12,12,14,43,1Cras.dictum@nulla.net,2,2,19,5,5,37,1tempus@antebibendum.co.uk,2,1,25,8,1,26,1dictum.eu@dapibus.edu,3,2,28,8,6,28,2risus@amet.com,3,2,14,9,1,47,1elit.pede@nibhsit.co.uk,1,0,10,4,14,28,2pellentesque.a.facilisis@justoeuarcu.com,2,1,24,9,18,54,1metus@sociisnatoquepenatibus.org,3,2,30,7,13,46,1massa@diam.edu,1,1,10,11,14,59,1et.malesuada.fames@Mauris.org,3,0,25,4,5,29,2adipiscing@porttitorscelerisque.ca,1,0,19,2,3,38,1semper.cursus.Integer@necquamCurabitur.edu,2,0,15,12,18,20,1cursus.non.egestas@anteipsum.com,2,0,7,9,4,62,1Aliquam.adipiscing@egetmagnaSuspendisse.co.uk,1,0,4,9,13,37,1pellentesque@cursusinhendrerit.org,2,1,20,5,1,25,1sit@enim.edu,1,0,6,1,9,22,2ultricies@ullamcorperDuis.ca,1,0,25,9,6,14,2montes.nascetur@Donecest.net,2,1,5,5,2,35,1eget.nisi@massaInteger.com,1,1,21,1,13,63,1Donec@Praesenteu.com,2,0,19,8,14,20,2risus.at@nunc.edu,1,2,19,4,13,54,1blandit.at.nisi@suscipit.ca,2,2,13,8,16,50,1Quisque@orci.edu,3,1,14,12,3,49,2ullamcorper@non.ca,1,2,13,10,9,32,2placerat.orci.lacus@montes.ca,1,0,4,6,15,43,1Quisque@euturpisNulla.edu,3,0,25,10,5,36,1odio.semper.cursus@elitpretiumet.org,1,1,30,4,18,39,2faucibus.orci.luctus@diam.net,1,0,30,3,15,47,1sem.molestie.sodales@ligula.com,2,2,11,8,8,56,2Ut.tincidunt.orci@Donecelementumlorem.net,2,2,5,10,18,35,2Phasellus.nulla.Integer@sitametfaucibus.co.uk,1,1,3,11,5,36,1mauris.eu@Duis.com,1,0,17,6,14,32,2Aliquam.nisl.Nulla@gravidamauris.com,2,0,29,4,11,48,1vulputate.lacus@penatibuset.net,3,1,16,12,1,58,1Donec@mattisIntegereu.org,2,0,27,3,7,31,1aliquam.iaculis@tellus.org,1,0,25,3,6,42,1lorem.fringilla@Donectempor.co.uk,1,2,17,12,11,42,1vitae.diam.Proin@ut.ca,2,2,7,3,9,60,1purus.Duis@metusfacilisislorem.net,2,1,26,12,4,61,1tempor.bibendum.Donec@sit.co.uk,3,1,8,3,14,59,2lorem.lorem@Quisqueornaretortor.edu,3,0,26,1,3,13,2Nam@elitfermentumrisus.org,3,1,13,2,4,56,2luctus@Donecestmauris.co.uk,2,0,6,7,12,61,1quam@nec.org,2,0,24,10,5,61,1penatibus.et.magnis@congueturpisIn.edu,1,2,13,5,15,65,1diam.Proin.dolor@ipsum.co.uk,2,2,4,1,4,53,1tincidunt.adipiscing.Mauris@augueut.edu,2,2,14,6,17,25,1et.ipsum.cursus@sitamet.org,1,1,15,11,18,31,2Pellentesque.habitant@placerat.co.uk,3,1,19,2,3,19,1eget@telluseuaugue.co.uk,2,0,5,1,5,16,1magna.Cras@sapien.org,2,2,9,5,17,26,1mollis.nec.cursus@euligula.edu,2,0,9,11,5,60,2cursus.a@luctuset.ca,2,1,21,3,15,55,1arcu@mollisnon.net,3,2,21,1,6,68,2torquent@tempus.edu,2,1,10,12,9,51,1suscipit.nonummy.Fusce@Phasellusliberomauris.ca,1,1,22,8,1,26,1ac@NuncmaurisMorbi.com,2,0,10,2,3,65,2eu.tellus.Phasellus@scelerisque.net,2,2,16,4,6,25,1vehicula.et.rutrum@Phasellusdolorelit.com,2,0,20,6,5,59,2Maecenas.iaculis.aliquet@enimCurabitur.org,3,2,10,8,9,45,1ante.bibendum.ullamcorper@facilisisfacilisis.edu,3,0,2,2,11,17,1auctor.quis.tristique@non.edu,3,0,30,5,10,53,2sagittis@blanditcongueIn.net,2,0,5,6,8,61,1augue.ac.ipsum@sagittisDuis.org,2,1,6,6,18,26,2Aliquam.nisl.Nulla@scelerisqueneque.edu,2,2,8,8,1,41,2est.mollis@sagittisfelis.edu,3,0,12,12,16,40,1vehicula@vestibulumneque.ca,2,2,17,12,11,41,2et.eros@ligulaelit.ca,3,1,11,5,1,23,1lacus.vestibulum@Nullasemper.co.uk,1,2,15,11,12,68,2id.blandit.at@tristiquealiquet.ca,3,2,8,8,16,26,1consequat.purus.Maecenas@Nulla.edu,1,1,1,8,17,37,2justo.faucibus@Utsemper.ca,1,2,23,9,16,40,1mattis@ametdiameu.net,2,0,27,2,13,32,2Suspendisse@Vivamus.com,3,0,26,5,15,22,1neque.non.quam@Vivamus.net,2,0,13,1,10,23,2nisl@Vivamus.co.uk,2,2,9,9,6,35,2Vestibulum.ante.ipsum@rutrum.co.uk,3,0,26,11,11,46,1metus.Aenean.sed@atvelitCras.net,1,1,24,6,15,47,1ac@ornarelibero.edu,2,0,19,8,5,67,1purus.accumsan@malesuadafames.co.uk,1,2,12,7,10,63,1quis@auctorveliteget.com,3,0,9,3,8,53,2Nam@ridiculusmusProin.net,3,1,28,1,3,55,1volutpat.Nulla.dignissim@fringillapurus.co.uk,3,1,27,9,10,30,1elit.dictum@tristique.com,1,2,19,3,16,55,1elit@magnaDuis.ca,1,0,20,6,18,54,2Curae.Phasellus.ornare@pellentesquea.net,3,1,25,1,5,23,2Phasellus.nulla@ullamcorperDuis.com,1,1,22,5,11,58,2Nullam@Nullaaliquet.edu,2,1,27,7,15,67,2penatibus@inlobortis.org,2,0,21,2,9,21,2pede.Praesent@mauris.com,3,2,18,12,17,17,2ac@magnisdis.com,1,1,4,9,12,21,2pede@Etiamimperdiet.co.uk,2,2,16,11,14,42,2arcu.Morbi@egestasDuisac.ca,1,0,10,12,8,31,2libero.et.tristique@sitamet.com,2,2,13,6,18,21,1in.dolor@mollisPhaselluslibero.co.uk,3,2,11,6,17,17,1tristique@diam.co.uk,1,0,1,11,16,62,2lacinia.mattis@Sed.net,1,1,13,11,12,24,1lorem.vehicula@nostraper.ca,2,2,8,2,12,47,1tellus@luctus.edu,1,2,30,11,13,37,1ipsum.primis.in@cursuseteros.ca,1,2,22,12,10,20,1malesuada.fringilla@pharetraQuisque.co.uk,3,2,15,6,11,30,1hendrerit@aliquamerosturpis.net,2,0,20,8,7,35,1Aliquam.auctor.velit@utpharetra.co.uk,3,1,26,10,4,36,1Morbi.sit.amet@ametmassaQuisque.edu,2,2,15,8,4,22,1eu.odio@sodalesnisi.ca,3,1,25,1,6,66,1aliquam.iaculis.lacus@loremsitamet.org,2,0,1,6,6,26,2Aliquam.vulputate.ullamcorper@eleifendCras.org,1,1,12,7,13,45,1elit.pharetra.ut@morbitristiquesenectus.org,3,1,18,1,3,46,1risus.Donec@inmagnaPhasellus.ca,2,1,3,12,1,27,1urna@velit.co.uk,3,0,3,8,8,60,2nisl.sem@gravidaAliquamtincidunt.org,3,0,4,7,2,31,1turpis.egestas@nuncsitamet.edu,2,2,4,3,11,40,2egestas.hendrerit.neque@aliquetlibero.net,3,0,9,4,13,14,1mauris.a.nunc@augueSedmolestie.co.uk,2,1,5,12,6,19,2et@Phasellus.ca,3,1,9,4,14,48,2interdum@magnanecquam.net,2,0,3,5,1,22,2adipiscing@ligulatortordictum.edu,3,1,23,4,13,15,2a.scelerisque@lectus.edu,3,0,19,9,1,31,2dignissim.tempor@gravidamolestie.edu,2,0,26,5,13,34,1laoreet.libero@enimCurabiturmassa.edu,2,1,13,2,15,18,1erat@aliquam.com,3,2,12,5,3,62,2consectetuer.rhoncus.Nullam@pedeet.co.uk,1,1,25,1,8,14,2non@Intinciduntcongue.net,3,0,10,2,14,66,2interdum.enim@ipsumDonecsollicitudin.co.uk,1,2,4,3,8,21,2malesuada.augue@magnaet.org,1,0,29,4,16,46,1erat.eget.tincidunt@natoquepenatibus.co.uk,3,2,19,7,7,52,2penatibus@elitsed.net,1,1,11,7,14,59,1Phasellus.dapibus@purusin.org,3,1,10,8,7,26,2Mauris@dictumeuplacerat.co.uk,1,2,26,5,3,58,1sed.pede.nec@non.com,3,1,11,8,3,32,2ornare.sagittis.felis@dolordapibus.org,3,2,7,6,12,36,1dolor.sit@nonummyac.ca,2,0,19,3,2,48,1leo@Sed.org,2,0,20,1,5,30,2a.scelerisque@Classaptent.ca,3,0,17,8,18,36,1dis.parturient.montes@Donecfelisorci.net,3,0,26,3,11,25,2sit.amet@ullamcorpervelit.org,2,1,16,2,11,55,2tempus.mauris.erat@felisDonectempor.ca,3,2,26,11,14,21,2ut@magnamalesuadavel.co.uk,2,0,7,6,9,18,2elementum@mattissemperdui.co.uk,2,2,2,1,13,40,1et@egestasAliquam.net,3,2,5,3,15,16,2quam@vitaesodalesat.com,1,2,30,6,11,60,2odio.auctor.vitae@mollisIntegertincidunt.com,3,1,16,4,11,62,1nulla.Integer@risusDonec.org,2,0,18,4,9,60,1nisl.sem@tinciduntvehicula.edu,2,2,3,10,15,19,2euismod.in@cubiliaCuraeDonec.co.uk,1,0,29,9,5,41,1sagittis@eget.co.uk,1,2,30,7,13,20,1felis.adipiscing.fringilla@consectetuermauris.org,1,2,21,5,4,61,1est.ac@Nullamscelerisque.com,1,2,15,5,5,31,2velit.Sed.malesuada@dolorsitamet.ca,1,0,7,10,13,37,2velit.in@sociosquadlitora.edu,1,1,21,7,4,36,1eu.eleifend@euismod.ca,1,2,20,12,1,56,2Curabitur.sed@eumetus.ca,2,2,28,9,17,24,1Nam.interdum.enim@aliquetsemut.co.uk,1,2,15,10,9,39,1justo@blanditatnisi.ca,2,1,26,12,15,47,1tempor.arcu@Pellentesque.ca,2,1,28,4,1,43,2in.lobortis.tellus@Nullam.com,2,0,10,5,12,60,2egestas.urna@Sedetlibero.ca,3,1,19,8,8,47,1augue.malesuada@hendreritconsectetuercursus.org,2,1,18,3,7,14,2Pellentesque.tincidunt@ategestasa.co.uk,2,2,30,11,8,19,2lobortis.quis@fringilla.ca,1,1,15,2,5,41,1consequat@Nunclaoreet.co.uk,2,2,18,8,16,13,2massa.Vestibulum.accumsan@nisl.net,1,2,24,12,7,35,1arcu.vel.quam@Integeraliquamadipiscing.edu,2,1,28,7,14,54,1consequat@Maurisut.org,1,0,11,1,10,43,1ut.nulla@auguescelerisque.ca,3,0,5,11,10,24,1imperdiet@eutemporerat.org,1,0,27,7,6,32,2magna@diam.co.uk,2,2,18,6,14,18,2arcu.ac.orci@nonmassa.org,3,2,23,2,2,55,1nibh.vulputate.mauris@mauriserat.org,2,0,26,11,9,60,1quam.Curabitur@odio.co.uk,2,1,9,3,4,68,1enim.Etiam.gravida@venenatisa.com,3,2,6,1,4,39,2venenatis@cursuspurusNullam.edu,1,1,21,6,7,43,1non@eleifendvitae.edu,2,2,13,6,2,34,1enim.Sed@ametultricies.com,3,2,18,5,6,24,1auctor@risusInmi.org,2,0,16,10,3,16,2rutrum@diam.com,3,0,16,7,8,25,1gravida@nonsapien.com,3,2,29,10,2,37,1massa.Mauris.vestibulum@NullamenimSed.co.uk,2,1,4,9,11,47,1mattis.ornare.lectus@arcuVestibulum.com,1,0,6,6,14,62,1Vivamus@liberodui.org,3,0,7,9,11,17,2dui.Cum.sociis@ultricessitamet.ca,2,1,7,5,9,53,1suscipit.est.ac@Suspendissetristique.co.uk,1,2,13,11,18,16,1facilisis.lorem.tristique@euligula.net,1,0,10,1,12,68,1Fusce@semeget.net,3,2,11,2,15,53,1sagittis@vulputateduinec.org,3,1,8,6,14,45,2adipiscing.lacus@porttitor.net,3,0,28,2,16,30,2lectus.convallis@at.org,1,1,27,9,17,62,1lacus@quam.ca,3,0,18,2,10,65,2Sed.dictum.Proin@aliquam.com,3,2,15,6,14,42,1sed.est@blanditcongue.com,2,0,21,8,15,64,1eu@ullamcorperviverra.com,3,2,9,3,8,28,2tempus.risus@Crasdictum.ca,2,1,26,7,2,63,1eu@inlobortis.net,1,1,24,5,17,53,2suscipit.est@velit.co.uk,2,1,9,1,3,58,2Donec.non@ipsumprimisin.net,1,0,30,11,4,36,2urna@eliteratvitae.co.uk,3,0,12,8,3,21,2in.felis@magnatellusfaucibus.com,3,1,14,9,6,18,1ante@auctornonfeugiat.co.uk,1,0,13,12,14,57,1Etiam.bibendum.fermentum@gravida.ca,2,2,17,1,5,38,2dis@malesuadautsem.org,3,1,28,7,17,54,1dolor.sit.amet@malesuadamalesuada.edu,1,1,29,1,12,54,2eget.odio@orciPhasellusdapibus.org,2,1,1,8,5,63,1nulla@malesuadamalesuada.edu,3,1,27,2,3,63,2Suspendisse.tristique@semper.net,1,2,3,1,14,20,1nonummy.ut.molestie@venenatislacus.co.uk,1,0,26,4,3,50,2cubilia@DonectinciduntDonec.edu,3,1,5,7,6,42,2quis.diam@facilisismagnatellus.org,2,1,12,11,16,40,1elit.elit@nasceturridiculusmus.net,3,2,20,6,14,54,1ridiculus@idanteNunc.com,2,1,28,2,8,31,2Cras@pharetrasedhendrerit.co.uk,2,1,25,8,8,47,1id@faucibusut.com,2,0,22,1,17,59,2sit.amet.massa@nisia.org,1,1,16,11,4,33,1Nunc.pulvinar@euaccumsan.org,1,2,28,5,10,41,1lorem.vitae@luctusCurabituregestas.co.uk,1,0,25,10,11,64,1rutrum.magna.Cras@estvitae.edu,2,0,20,10,17,17,2Donec.tincidunt.Donec@viverra.com,2,0,24,11,16,20,2ridiculus.mus.Proin@risus.net,1,2,27,4,6,24,1ipsum.primis.in@iaculisenimsit.edu,1,2,21,6,2,31,2Proin.nisl.sem@facilisis.edu,3,2,16,4,7,14,2pellentesque.tellus@aliquamarcu.edu,1,2,26,10,16,55,2Praesent@risusMorbi.ca,2,1,8,9,13,68,1montes@magnisdis.net,3,1,21,3,8,36,2dis@enimcommodo.edu,3,0,8,6,15,48,1Quisque.purus@ornare.edu,2,1,2,6,16,13,1imperdiet.ullamcorper@mipede.org,1,2,12,11,11,36,2vehicula@ametrisusDonec.edu,1,1,19,6,7,66,2neque.vitae.semper@atrisusNunc.edu,1,1,27,4,8,60,1luctus.ut.pellentesque@eleifendegestasSed.edu,2,2,17,3,3,23,2elit.erat@lectus.edu,1,0,8,12,4,59,1quam@Duis.co.uk,2,1,24,1,5,49,2sagittis.Duis@ultricesVivamusrhoncus.ca,2,0,30,11,3,44,2sem@Morbiquisurna.edu,2,0,20,5,13,13,2enim.Nunc@nibhvulputatemauris.co.uk,2,1,8,3,10,22,1nulla.magna@utsemNulla.co.uk,2,1,10,4,9,21,1id.ante.Nunc@auctornon.edu,2,2,26,2,15,67,2ornare.egestas.ligula@Nullam.edu,2,0,17,1,16,37,2neque@nibhAliquamornare.org,1,1,4,9,17,13,1lacus.Quisque.imperdiet@placeratorcilacus.edu,2,1,19,10,5,67,2consequat.nec@elitelitfermentum.co.uk,2,1,9,10,7,66,1dapibus.id.blandit@semmagna.ca,1,0,6,11,9,32,2Duis.ac.arcu@congue.ca,2,0,7,12,13,40,2est.congue.a@orciPhasellus.ca,3,2,29,7,17,44,2consectetuer.ipsum.nunc@malesuadafringilla.com,1,0,17,12,4,64,2mollis@NullafacilisiSed.org,2,1,27,11,4,33,2aliquet.metus@iaculislacuspede.edu,3,1,21,11,10,50,1ac.ipsum@sit.co.uk,2,0,8,7,3,46,2Fusce@sagittisaugue.com,2,0,18,2,4,19,1magna.Lorem.ipsum@nibhPhasellus.net,1,0,17,3,6,66,1